Distance,RSSI_h1.5,RSSI_h2
82,-90.3554260742899,-101.651376146789
94,-101.915094339623,-99.2142857142857
126,-105.727272727273,-109.177777777778
148,-98.4341085271318,-103.806722689076
