Height_1_5,Height_2,Distance
-96.488188976378,-94.3125,108
-91.0416666666667,-79.0165745856354,110
