Height_1_5,Height_2,Distance
6.34842519685039,9.04166666666667,108
7.10416666666667,12.1546961325967,110
