Distance,SNR_h1.5,SNR_h2
82,10.7769482884195,4.71215596330275
94,2.3372641509434,4.92032967032967
126,-1.35227272727273,-9.12777777777778
148,7.10852713178295,2.34453781512605
